{
  "project_info": {
    "project_number": "255858804075",
    "project_id": "internpractise-7bd08",
    "storage_bucket": "internpractise-7bd08.appspot.com"
  },
  "client": [
    {
      "client_info": {
        "mobilesdk_app_id": "1:255858804075:android:aa3b9e4f4f0e7f9a33382e",
        "android_client_info": {
          "package_name": "com.example.firebase_intern"
        }
      },
      "oauth_client": [
        {
          "client_id": "255858804075-344rg8i16sn5oo7f4a3m92becuoi35av.apps.googleusercontent.com",
          "client_type": 3
        }
      ],
      "api_key": [
        {
          "current_key": "AIzaSyDq-rr49uOFleOsPg4gN9YLs_9xZzWU8Bw"
        }
      ],
      "services": {
        "appinvite_service": {
          "other_platform_oauth_client": [
            {
              "client_id": "255858804075-344rg8i16sn5oo7f4a3m92becuoi35av.apps.googleusercontent.com",
              "client_type": 3
            }
          ]
        }
      }
    }
  ],
  "configuration_version": "1"
}